Workbook

Sheet 0_Scorecard
A2: State E-Waste Management Scorecard
B3: Live score out of 100, calculated from the 7 data sheets. Set benchmarks in the yellow 'Target/Benchmark' cells.
B5: STATE SCORE | D5: =ROUND(H17,1) -> 77.8 | F5: =IF(H17>=85,"EXCELLENT",IF(H17>=65,"GOOD",IF(H17>=45,"NEEDS IMPROVEMENT","CRITICAL"))) -> GOOD
B9: # | C9: Category | D9: Weight | E9: Benchmark / Target | F9: Achieved Value | G9: Achievement % | H9: Score Earned
B10: 1 | C10: Generation & Inventory | D10: 15 | E10: 34 | F10: =COUNTA('1_Generation_Inventory'!B6:B39) -> 34 | G10: =IFERROR(MIN(F10/E10,1),0) -> 1 | H10: =ROUND(G10*D10,1) -> 15
B11: 2 | C11: Collection Performance | D11: 20 | E11: 1 | F11: =IFERROR('2_Collection_Log'!D40/'2_Collection_Log'!C40,0) -> 0.64051339 | G11: =IFERROR(MIN(F11/E11,1),0) -> 0.64051339 | H11: =ROUND(G11*D11,1) -> 12.8
B12: 3 | C12: Formal Recycling & Treatment | D12: 20 | E12: 1 | F12: =IFERROR(('3_Recycling_Infrastructure'!F40*1000)/'2_Collection_Log'!C40,0) -> 0.73425805 | G12: =IFERROR(MIN(F12/E12,1),0) -> 0.73425805 | H12: =ROUND(G12*D12,1) -> 14.7
B13: 4 | C13: Regulatory Compliance | D13: 15 | E13: 1 | F13: =IFERROR('4_Compliance_Tracker'!C41/'4_Compliance_Tracker'!C42,0) -> 0.85294118 | G13: =IFERROR(MIN(F13/E13,1),0) -> 0.85294118 | H13: =ROUND(G13*D13,1) -> 12.8
B14: 5 | C14: Informal Sector Integration | D14: 10 | E14: 1 | F14: =IFERROR(('5_Informal_Sector_Hotspots'!C42/'5_Informal_Sector_Hotspots'!C41+'5_Informal_Sector_Hotspots'!C44/'5_Informal_Sector_Hotspots'!C43)/2,0) -> 0.40653595 | G14: =IFERROR(MIN(F14/E14,1),0) -> 0.40653595 | H14: =ROUND(G14*D14,1) -> 4.1
B15: 6 | C15: Environmental & Health Safeguards | D15: 10 | E15: 1 | F15: =IFERROR(('6_Env_Health_Monitoring'!C41/'5_Informal_Sector_Hotspots'!C41+'6_Env_Health_Monitoring'!C42/'6_Env_Health_Monitoring'!C41)/2,0) -> 0.83823529 | G15: =IFERROR(MIN(F15/E15,1),0) -> 0.83823529 | H15: =ROUND(G15*D15,1) -> 8.4
B16: 7 | C16: Awareness & Outreach | D16: 10 | E16: 1 | F16: =IFERROR('7_Awareness_Programs'!C41/34,0) -> 1 | G16: =IFERROR(MIN(F16/E16,1),0) -> 1 | H16: =ROUND(G16*D16,1) -> 10
C17: TOTAL SCORE | D17: =SUM(D10:D16) -> 100 | H17: =SUM(H10:H16) -> 77.8
B19: Score Bands:
B20: 85-100 | C20: Excellent
B21: 65-84 | C21: Good
B22: 45-64 | C22: Needs Improvement
B23: 0-44 | C23: Critical

Sheet Instructions
A2: State E-Waste Management Tracker - Scoring Methodology
B4: A 100-point scorecard for monitoring state-level e-waste generation, collection, formal treatment, compliance, and health/environmental safeguards, in line with the E-Waste (Management) Rules, 2022 (CPCB, India).
B6: # | C6: Category | D6: Weight | E6: Indicators (data source sheet)
B7: 1 | C7: Generation & Inventory | D7: 15 | E7: District reporting completeness; category-wise breakup; annual inventory update -> '1_Generation_Inventory'
B8: 2 | C8: Collection Performance | D8: 20 | E8: Collection rate (%); collection centers per million population; EPR collection-target achievement -> '2_Collection_Log'
B9: 3 | C9: Formal Recycling & Treatment | D9: 20 | E9: % processed by authorized recyclers; installed capacity vs generation; material recovery rate -> '3_Recycling_Infrastructure'
B10: 4 | C10: Regulatory Compliance | D10: 15 | E10: % producers/EPR entities compliant; inspections conducted vs planned; penalties resolved -> '4_Compliance_Tracker'
B11: 5 | C11: Informal Sector Integration | D11: 10 | E11: % hotspots formalized/remediated; % informal workers registered/trained -> '5_Informal_Sector_Hotspots'
B12: 6 | C12: Environmental & Health Safeguards | D12: 10 | E12: % hotspots environmentally monitored; health screening camps conducted -> '6_Env_Health_Monitoring'
B13: 7 | C13: Awareness & Outreach | D13: 10 | E13: Awareness campaigns vs target; collection drives vs target -> '7_Awareness_Programs'
C14: TOTAL | D14: 100
B16: How to use this workbook
B17: - Enter data in the 7 numbered sheets (yellow cells = your input). Each sheet has one grey example row - replace/delete it.
B18: Data note | C18: The workbook has been populated for all 34 Gujarat districts. Population values are based on Census-2011-era district totals and administrative split estimates. Operational e-waste, collection, recycling, compliance, health and awareness figures are academic planning estimates—not official reported statistics.
B19: District source | C19: https://vavtharad.nic.in/about-district/history/
B20: Population reference | C20: https://trti.gujarat.gov.in/district-wise-population
B21: E-waste reference | C21: https://gpcb.gujarat.gov.in/Home/EWaste

Sheet 1_Generation_Inventory
A2: Generation Inventory
B3: One row per district. Category-wise breakup based on E-Waste (Management) Rules, 2022, Schedule I (simplified).
B5: District | C5: Population | D5: IT & Telecom (kg) | E5: Consumer Electrical & Electronics (kg) | F5: Large & Small Equipment (kg) | G5: Lighting Equipment (kg) | H5: Batteries (kg) | I5: Other (kg) | J5: Total Generated (kg) | K5: Date Last Updated
B6: Ahmedabad | C6: 7208200 | D6: 3697807 | E6: 2140835 | F6: 1556971 | G6: 583864 | H6: 973107 | I6: 778486 | J6: =SUM(D6:I6) -> 9731070 | K6: 46203
B7: Amreli | C7: 1513614 | D7: 356608 | E7: 206457 | F7: 150151 | G7: 56306 | H7: 93844 | I7: 75075 | J7: =SUM(D7:I7) -> 938441 | K7: 46203
B8: Anand | C8: 2090276 | D8: 698988 | E8: 404677 | F8: 294311 | G8: 110367 | H8: 183944 | I8: 147156 | J8: =SUM(D8:I8) -> 1839443 | K8: 46203
B9: Aravalli | C9: 1051746 | D9: 219815 | E9: 127261 | F9: 92554 | G9: 34708 | H9: 57846 | I9: 46276 | J9: =SUM(D9:I9) -> 578460 | K9: 46203
B10: Banaskantha | C10: 2141666 | D10: 472023 | E10: 273277 | F10: 198747 | G10: 74530 | H10: 124217 | I10: 99372 | J10: =SUM(D10:I10) -> 1242166 | K10: 46203
B11: Bharuch | C11: 1550822 | D11: 559847 | E11: 324122 | F11: 235725 | G11: 88397 | H11: 147328 | I11: 117862 | J11: =SUM(D11:I11) -> 1473281 | K11: 46203
B12: Bhavnagar | C12: 2877961 | D12: 896773 | E12: 519184 | F12: 377588 | G12: 141596 | H12: 235993 | I12: 188794 | J12: =SUM(D12:I12) -> 2359928 | K12: 46203
B13: Botad | C13: 656005 | D13: 144584 | E13: 83706 | F13: 60877 | G13: 22829 | H13: 38048 | I13: 30439 | J13: =SUM(D13:I13) -> 380483 | K13: 46203
B14: Chhota Udaipur | C14: 1071831 | D14: 187356 | E14: 108469 | F14: 78887 | G14: 29583 | H14: 49304 | I14: 39443 | J14: =SUM(D14:I14) -> 493042 | K14: 46203
B15: Dahod | C15: 2126558 | D15: 379803 | E15: 219886 | F15: 159917 | G15: 59969 | H15: 99948 | I15: 79959 | J15: =SUM(D15:I15) -> 999482 | K15: 46203
B16: Dang | C16: 226769 | D16: 34469 | E16: 19956 | F16: 14513 | G16: 5442 | H16: 9071 | I16: 7257 | J16: =SUM(D16:I16) -> 90708 | K16: 46203
B17: Devbhoomi Dwarka | C17: 752484 | D17: 180145 | E17: 104294 | F17: 75850 | G17: 28444 | H17: 47406 | I17: 37926 | J17: =SUM(D17:I17) -> 474065 | K17: 46203
... B39: Vav-Tharad | C39: 978840 | D39: 193419 | E39: 111979 | F39: 81440 | G39: 30540 | H39: 50900 | I39: 40719 | J39: =SUM(D39:I39) -> 508997 | K39: 46203
B40: STATE TOTAL | C40: =SUM(C6:C39) -> 65966032 | D40: =SUM(D6:D39) -> 22272909 | E40: =SUM(E6:E39) -> 12894839 | F40: =SUM(F6:F39) -> 9378063 | G40: =SUM(G6:G39) -> 3516777 | H40: =SUM(H6:H39) -> 5861288 | I40: =SUM(I6:I39) -> 4689033 | J40: =SUM(J6:J39) -> 58612909
B41: Note: Population is Census-2011-based / administrative split estimate; e-waste quantities are planning estimates for academic analysis.

Sheet 2_Collection_Log
A2: Collection Log
B3: One row per district. 'Generated' auto-pulls from Sheet 1 by district name - keep district names identical across sheets.
B5: District | C5: Generated (kg) [from Sheet 1] | D5: Collected (kg) | E5: Registered Collection Centers | F5: EPR Collection Target (kg) | G5: EPR Collection Achieved (kg) | H5: Remarks
B6: Ahmedabad | C6: =IFERROR(INDEX('1_Generation_Inventory'!$J$6:$J$39,MATCH(B6,'1_Generation_Inventory'!$B$6:$B$39,0)),0) -> 9731070 | D6: 6952850 | E6: 23 | F6: 6325196 | G6: 5692676 | H6: District collection through registered centres and producer take-back channels
B7: Amreli | C7: =IFERROR(INDEX('1_Generation_Inventory'!$J$6:$J$39,MATCH(B7,'1_Generation_Inventory'!$B$6:$B$39,0)),0) -> 938441 | D7: 499626 | E7: 4 | F7: 609987 | G7: 499626 | H7: District collection through registered centres and producer take-back channels
B8: Anand | C8: =IFERROR(INDEX('1_Generation_Inventory'!$J$6:$J$39,MATCH(B8,'1_Generation_Inventory'!$B$6:$B$39,0)),0) -> 1839443 | D8: 1136040 | E8: 6 | F8: 1195638 | G8: 1136040 | H8: District collection through registered centres and producer take-back channels
B9: Aravalli | C9: =IFERROR(INDEX('1_Generation_Inventory'!$J$6:$J$39,MATCH(B9,'1_Generation_Inventory'!$B$6:$B$39,0)),0) -> 578460 | D9: 314393 | E9: 3 | F9: 375999 | G9: 314393 | H9: District collection through registered centres and producer take-back channels
B10: Banaskantha | C10: =IFERROR(INDEX('1_Generation_Inventory'!$J$6:$J$39,MATCH(B10,'1_Generation_Inventory'!$B$6:$B$39,0)),0) -> 1242166 | D10: 703811 | E10: 6 | F10: 807408 | G10: 703811 | H10: District collection through registered centres and producer take-back channels
B11: Bharuch | C11: =IFERROR(INDEX('1_Generation_Inventory'!$J$6:$J$39,MATCH(B11,'1_Generation_Inventory'!$B$6:$B$39,0)),0) -> 1473281 | D11: 893545 | E11: 5 | F11: 957633 | G11: 893545 | H11: District collection through registered centres and producer take-back channels
B12: Bhavnagar | C12: =IFERROR(INDEX('1_Generation_Inventory'!$J$6:$J$39,MATCH(B12,'1_Generation_Inventory'!$B$6:$B$39,0)),0) -> 2359928 | D12: 1383862 | E12: 8 | F12: 1533953 | G12: 1383862 | H12: District collection through registered centres and producer take-back channels
B13: Botad | C13: =IFERROR(INDEX('1_Generation_Inventory'!$J$6:$J$39,MATCH(B13,'1_Generation_Inventory'!$B$6:$B$39,0)),0) -> 380483 | D13: 204167 | E13: 2 | F13: 247314 | G13: 204167 | H13: District collection through registered centres and producer take-back channels
B14: Chhota Udaipur | C14: =IFERROR(INDEX('1_Generation_Inventory'!$J$6:$J$39,MATCH(B14,'1_Generation_Inventory'!$B$6:$B$39,0)),0) -> 493042 | D14: 255987 | E14: 3 | F14: 320477 | G14: 255987 | H14: District collection through registered centres and producer take-back channels
B15: Dahod | C15: =IFERROR(INDEX('1_Generation_Inventory'!$J$6:$J$39,MATCH(B15,'1_Generation_Inventory'!$B$6:$B$39,0)),0) -> 999482 | D15: 536622 | E15: 6 | F15: 649663 | G15: 536622 | H15: District collection through registered centres and producer take-back channels
B16: Dang | C16: =IFERROR(INDEX('1_Generation_Inventory'!$J$6:$J$39,MATCH(B16,'1_Generation_Inventory'!$B$6:$B$39,0)),0) -> 90708 | D16: 41544 | E16: 1 | F16: 58960 | G16: 41544 | H16: District collection through registered centres and producer take-back channels
B17: Devbhoomi Dwarka | C17: =IFERROR(INDEX('1_Generation_Inventory'!$J$6:$J$39,MATCH(B17,'1_Generation_Inventory'!$B$6:$B$39,0)),0) -> 474065 | D17: 253672 | E17: 2 | F17: 308142 | G17: 253672 | H17: District collection through registered centres and producer take-back channels
... B39: Vav-Tharad | C39: =IFERROR(INDEX('1_Generation_Inventory'!$J$6:$J$39,MATCH(B39,'1_Generation_Inventory'!$B$6:$B$39,0)),0) -> 508997 | D39: 272517 | E39: 3 | F39: 330848 | G39: 272517 | H39: District collection through registered centres and producer take-back channels
B40: STATE TOTAL | C40: =SUM(C6:C39) -> 58612909 | D40: =SUM(D6:D39) -> 37542353 | E40: =SUM(E6:E39) -> 195 | F40: =SUM(F6:F39) -> 38098391 | G40: =SUM(G6:G39) -> 34739036

Sheet 3_Recycling_Infrastructure
A2: Recycling Infrastructure
B3: One row per CPCB/SPCB-authorized recycler or dismantler operating in the state.
B5: Recycler / Dismantler Name | C5: CPCB/SPCB Authorization No. | D5: District | E5: Installed Capacity (tonnes/yr) | F5: Quantity Processed This Year (tonnes) | G5: Material Recovery Rate (%) | H5: Authorization Valid Till
B6: Ahmedabad Authorized E-Waste Recovery Centre | C6: GPCB/EW/2026/001 | D6: Ahmedabad | E6: 10220 | F6: 6388 | G6: 0.72 | H6: 47208
B7: Amreli Authorized E-Waste Recovery Centre | C7: GPCB/EW/2026/002 | D7: Amreli | E7: 990 | F7: 663 | G7: 0.75 | H7: 47756
B8: Anand Authorized E-Waste Recovery Centre | C8: GPCB/EW/2026/003 | D8: Anand | E8: 1930 | F8: 1380 | G8: 0.77 | H8: 46843
B9: Aravalli Authorized E-Waste Recovery Centre | C9: GPCB/EW/2026/004 | D9: Aravalli | E9: 610 | F9: 464 | G9: 0.8 | H9: 47391
B10: Banaskantha Authorized E-Waste Recovery Centre | C10: GPCB/EW/2026/005 | D10: Banaskantha | E10: 1300 | F10: 1046 | G10: 0.82 | H10: 47573
B11: Bharuch Authorized E-Waste Recovery Centre | C11: GPCB/EW/2026/006 | D11: Bharuch | E11: 1550 | F11: 1318 | G11: 0.85 | H11: 47026
B12: Bhavnagar Authorized E-Waste Recovery Centre | C12: GPCB/EW/2026/007 | D12: Bhavnagar | E12: 2480 | F12: 1438 | G12: 0.88 | H12: 47208
B13: Botad Authorized E-Waste Recovery Centre | C13: GPCB/EW/2026/008 | D13: Botad | E13: 400 | F13: 250 | G13: 0.7 | H13: 47756
B14: Chhota Udaipur Authorized E-Waste Recovery Centre | C14: GPCB/EW/2026/009 | D14: Chhota Udaipur | E14: 520 | F14: 348 | G14: 0.72 | H14: 46843
B15: Dahod Authorized E-Waste Recovery Centre | C15: GPCB/EW/2026/010 | D15: Dahod | E15: 1050 | F15: 751 | G15: 0.75 | H15: 47391
B16: Dang Authorized E-Waste Recovery Centre | C16: GPCB/EW/2026/011 | D16: Dang | E16: 120 | F16: 91 | G16: 0.77 | H16: 47573
B17: Devbhoomi Dwarka Authorized E-Waste Recovery Centre | C17: GPCB/EW/2026/012 | D17: Devbhoomi Dwarka | E17: 500 | F17: 402 | G17: 0.8 | H17: 47026
... B39: Vav-Tharad Authorized E-Waste Recovery Centre | C39: GPCB/EW/2026/034 | D39: Vav-Tharad | E39: 530 | F39: 450 | G39: 0.75 | H39: 47391
B40: STATE TOTAL | D40: =COUNTA(B6:B39) -> 34 | E40: =SUM(E6:E39) -> 61580 | F40: =SUM(F6:F39) -> 43037 | G40: =IFERROR(SUMPRODUCT(F6:F39,G6:G39)/SUM(F6:F39),0) -> 0.77416363

Sheet 4_Compliance_Tracker
A2: Compliance Tracker
B3: One row per registered producer / EPR entity operating in the state.
B5: Producer / EPR Entity | C5: EPR Registration No. | D5: Compliance Status | E5: Inspection Planned (Y/N) | F5: Inspection Conducted (Y/N) | G5: Penalty / Show-Cause Issued (Y/N) | H5: Penalty Resolved (Y/N) | I5: Remarks
B6: Ahmedabad Producer Responsibility Consortium | C6: EPR/GJ/2026/0001 | D6: Compliant | E6: Yes | F6: Yes | G6: No | H6: N/A | I6: District-level annual EPR compliance review
B7: Amreli Producer Responsibility Consortium | C7: EPR/GJ/2026/0002 | D7: Compliant | E7: Yes | F7: Yes | G7: No | H7: N/A | I7: District-level annual EPR compliance review
B8: Anand Producer Responsibility Consortium | C8: EPR/GJ/2026/0003 | D8: Compliant | E8: Yes | F8: Yes | G8: No | H8: N/A | I8: District-level annual EPR compliance review
B9: Aravalli Producer Responsibility Consortium | C9: EPR/GJ/2026/0004 | D9: Compliant | E9: Yes | F9: Yes | G9: No | H9: N/A | I9: District-level annual EPR compliance review
B10: Banaskantha Producer Responsibility Consortium | C10: EPR/GJ/2026/0005 | D10: Compliant | E10: Yes | F10: Yes | G10: No | H10: N/A | I10: District-level annual EPR compliance review
B11: Bharuch Producer Responsibility Consortium | C11: EPR/GJ/2026/0006 | D11: Partially Compliant | E11: Yes | F11: Yes | G11: No | H11: N/A | I11: District-level annual EPR compliance review
B12: Bhavnagar Producer Responsibility Consortium | C12: EPR/GJ/2026/0007 | D12: Compliant | E12: Yes | F12: No | G12: No | H12: N/A | I12: District-level annual EPR compliance review
B13: Botad Producer Responsibility Consortium | C13: EPR/GJ/2026/0008 | D13: Compliant | E13: Yes | F13: Yes | G13: No | H13: N/A | I13: District-level annual EPR compliance review
B14: Chhota Udaipur Producer Responsibility Consortium | C14: EPR/GJ/2026/0009 | D14: Compliant | E14: Yes | F14: Yes | G14: Yes | H14: Yes | I14: District-level annual EPR compliance review
B15: Dahod Producer Responsibility Consortium | C15: EPR/GJ/2026/0010 | D15: Compliant | E15: Yes | F15: Yes | G15: No | H15: N/A | I15: District-level annual EPR compliance review
B16: Dang Producer Responsibility Consortium | C16: EPR/GJ/2026/0011 | D16: Compliant | E16: Yes | F16: Yes | G16: No | H16: N/A | I16: District-level annual EPR compliance review
... B39: Vav-Tharad Producer Responsibility Consortium | C39: EPR/GJ/2026/0034 | D39: Compliant | E39: Yes | F39: Yes | G39: No | H39: N/A | I39: District-level annual EPR compliance review
B41: Compliant | C41: =COUNTIF(D6:D39,"Compliant") -> 29
B42: Total Registered | C42: =COUNTA(B6:B39) -> 34
B43: Inspections Planned | C43: =COUNTIF(E6:E39,"Yes") -> 34
B44: Inspections Conducted | C44: =COUNTIF(F6:F39,"Yes") -> 30
B45: Penalties Issued | C45: =COUNTIF(G6:G39,"Yes") -> 3
B46: Penalties Resolved | C46: =COUNTIF(H6:H39,"Yes") -> 2

Sheet 5_Informal_Sector_Hotspots
A2: Informal Sector Hotspots
B3: One row per known informal e-waste recycling hotspot/cluster in the state.
B5: Hotspot / Informal Cluster Name | C5: District | D5: Status | E5: Estimated Informal Workers | F5: Workers Registered / Trained | G5: Formalization Action Taken | H5: Remarks
B6: Ahmedabad Scrap & Repair Cluster | C6: Ahmedabad | D6: Under Formalization | E6: 125 | F6: 55 | G6: Registration, PPE distribution, training and linkage with authorized recycler | H6: Quarterly follow-up by district administration
B7: Amreli Scrap & Repair Cluster | C7: Amreli | D7: Partially Formalized | E7: 22 | F7: 12 | G7: Registration, PPE distribution, training and linkage with authorized recycler | H7: Quarterly follow-up by district administration
B8: Anand Scrap & Repair Cluster | C8: Anand | D8: Formalized | E8: 32 | F8: 20 | G8: Registration, PPE distribution, training and linkage with authorized recycler | H8: Quarterly follow-up by district administration
B9: Aravalli Scrap & Repair Cluster | C9: Aravalli | D9: Identified | E9: 15 | F9: 11 | G9: Registration, PPE distribution, training and linkage with authorized recycler | H9: Quarterly follow-up by district administration
B10: Banaskantha Scrap & Repair Cluster | C10: Banaskantha | D10: Under Formalization | E10: 30 | F10: 24 | G10: Registration, PPE distribution, training and linkage with authorized recycler | H10: Quarterly follow-up by district administration
B11: Bharuch Scrap & Repair Cluster | C11: Bharuch | D11: Partially Formalized | E11: 24 | F11: 8 | G11: Registration, PPE distribution, training and linkage with authorized recycler | H11: Quarterly follow-up by district administration
B12: Bhavnagar Scrap & Repair Cluster | C12: Bhavnagar | D12: Formalized | E12: 43 | F12: 19 | G12: Registration, PPE distribution, training and linkage with authorized recycler | H12: Quarterly follow-up by district administration
B13: Botad Scrap & Repair Cluster | C13: Botad | D13: Identified | E13: 12 | F13: 6 | G13: Registration, PPE distribution, training and linkage with authorized recycler | H13: Quarterly follow-up by district administration
B14: Chhota Udaipur Scrap & Repair Cluster | C14: Chhota Udaipur | D14: Under Formalization | E14: 15 | F14: 9 | G14: Registration, PPE distribution, training and linkage with authorized recycler | H14: Quarterly follow-up by district administration
B15: Dahod Scrap & Repair Cluster | C15: Dahod | D15: Partially Formalized | E15: 29 | F15: 21 | G15: Registration, PPE distribution, training and linkage with authorized recycler | H15: Quarterly follow-up by district administration
B16: Dang Scrap & Repair Cluster | C16: Dang | D16: Formalized | E16: 12 | F16: 10 | G16: Registration, PPE distribution, training and linkage with authorized recycler | H16: Quarterly follow-up by district administration
B17: Devbhoomi Dwarka Scrap & Repair Cluster | C17: Devbhoomi Dwarka | D17: Identified | E17: 12 | F17: 4 | G17: Registration, PPE distribution, training and linkage with authorized recycler | H17: Quarterly follow-up by district administration
... B39: Vav-Tharad Scrap & Repair Cluster | C39: Vav-Tharad | D39: Partially Formalized | E39: 14 | F39: 10 | G39: Registration, PPE distribution, training and linkage with authorized recycler | H39: Quarterly follow-up by district administration
B41: Total Hotspots | C41: =COUNTA(B6:B39) -> 34
B42: Formalized/Remediated | C42: =COUNTIF(D6:D39,"Formalized") -> 8
B43: Estimated Workers (Total) | C43: =SUM(E6:E39) -> 1035
B44: Workers Registered/Trained (Total) | C44: =SUM(F6:F39) -> 598

Sheet 6_Env_Health_Monitoring
A2: Env Health Monitoring
B3: One row per environmental monitoring visit or health camp conducted at a hotspot.
B5: Site / Hotspot Monitored | C5: District | D5: Monitoring Type | E5: Date | F5: Result | G5: Health Camp Conducted (Y/N) | H5: Beneficiaries Screened | I5: Remarks
B6: Ahmedabad Scrap & Repair Cluster | C6: Ahmedabad | D6: Air + Soil | E6: 46028 | F6: Corrective Action Required | G6: Yes | H6: 481 | I6: Sampling records and health screening summary filed with district cell
B7: Amreli Scrap & Repair Cluster | C7: Amreli | D7: Groundwater | E7: 46060 | F7: Within Limit | G7: Yes | H7: 101 | I7: Sampling records and health screening summary filed with district cell
B8: Anand Scrap & Repair Cluster | C8: Anand | D8: Workplace Exposure | E8: 46089 | F8: Within Limit | G8: No | H8: 0 | I8: Sampling records and health screening summary filed with district cell
B9: Aravalli Scrap & Repair Cluster | C9: Aravalli | D9: Soil + Water | E9: 46121 | F9: Within Limit | G9: Yes | H9: 70 | I9: Sampling records and health screening summary filed with district cell
B10: Banaskantha Scrap & Repair Cluster | C10: Banaskantha | D10: Air + Soil | E10: 46152 | F10: Corrective Action Required | G10: Yes | H10: 143 | I10: Sampling records and health screening summary filed with district cell
B11: Bharuch Scrap & Repair Cluster | C11: Bharuch | D11: Groundwater | E11: 46184 | F11: Corrective Action Required | G11: No | H11: 0 | I11: Sampling records and health screening summary filed with district cell
B12: Bhavnagar Scrap & Repair Cluster | C12: Bhavnagar | D12: Workplace Exposure | E12: 46034 | F12: Within Limit | G12: Yes | H12: 192 | I12: Sampling records and health screening summary filed with district cell
B13: Botad Scrap & Repair Cluster | C13: Botad | D13: Soil + Water | E13: 46066 | F13: Within Limit | G13: Yes | H13: 44 | I13: Sampling records and health screening summary filed with district cell
B14: Chhota Udaipur Scrap & Repair Cluster | C14: Chhota Udaipur | D14: Air + Soil | E14: 46095 | F14: Within Limit | G14: No | H14: 0 | I14: Sampling records and health screening summary filed with district cell
B15: Dahod Scrap & Repair Cluster | C15: Dahod | D15: Groundwater | E15: 46127 | F15: Corrective Action Required | G15: Yes | H15: 142 | I15: Sampling records and health screening summary filed with district cell
B16: Dang Scrap & Repair Cluster | C16: Dang | D16: Workplace Exposure | E16: 46158 | F16: Corrective Action Required | G16: Yes | H16: 15 | I16: Sampling records and health screening summary filed with district cell
B17: Devbhoomi Dwarka Scrap & Repair Cluster | C17: Devbhoomi Dwarka | D17: Soil + Water | E17: 46190 | F17: Within Limit | G17: No | H17: 0 | I17: Sampling records and health screening summary filed with district cell
... B39: Vav-Tharad Scrap & Repair Cluster | C39: Vav-Tharad | D39: Groundwater | E39: 46131 | F39: Within Limit | G39: Yes | H39: 65 | I39: Sampling records and health screening summary filed with district cell
B41: Distinct Sites Monitored | C41: =COUNTA(B6:B39) -> 34
B42: Health Camps Conducted | C42: =COUNTIF(G6:G39,"Yes") -> 23
B43: Total Beneficiaries Screened | C43: =SUM(H6:H39) -> 3086

Sheet 7_Awareness_Programs
A2: Awareness Programs
B3: One row per awareness campaign, take-back scheme promotion, or collection drive conducted.
B5: Program Name | C5: District | D5: Date | E5: Type | F5: Target Audience | G5: Participants Reached
B6: E-Waste Awareness & Collection Campaign - Ahmedabad | C6: Ahmedabad | D6: 46085 | E6: RWA Awareness Camp | F6: Households and resident associations | G6: 2923
B7: E-Waste Awareness & Collection Campaign - Amreli | C7: Amreli | D7: 46117 | E7: College E-Waste Drive | F7: College youth and faculty | G7: 681
B8: E-Waste Awareness & Collection Campaign - Anand | C8: Anand | D8: 46148 | E8: Market Take-Back Campaign | F8: Retailers and consumers | G8: 1034
B9: E-Waste Awareness & Collection Campaign - Aravalli | C9: Aravalli | D9: 46180 | E9: School Collection Drive | F9: Students and teachers | G9: 567
B10: E-Waste Awareness & Collection Campaign - Banaskantha | C10: Banaskantha | D10: 46030 | E10: RWA Awareness Camp | F10: Households and resident associations | G10: 773
B11: E-Waste Awareness & Collection Campaign - Bharuch | C11: Bharuch | D11: 46062 | E11: College E-Waste Drive | F11: College youth and faculty | G11: 629
B12: E-Waste Awareness & Collection Campaign - Bhavnagar | C12: Bhavnagar | D12: 46091 | E12: Market Take-Back Campaign | F12: Retailers and consumers | G12: 1295
B13: E-Waste Awareness & Collection Campaign - Botad | C13: Botad | D13: 46123 | E13: School Collection Drive | F13: Students and teachers | G13: 324
B14: E-Waste Awareness & Collection Campaign - Chhota Udaipur | C14: Chhota Udaipur | D14: 46154 | E14: RWA Awareness Camp | F14: Households and resident associations | G14: 578
B15: E-Waste Awareness & Collection Campaign - Dahod | C15: Dahod | D15: 46186 | E15: College E-Waste Drive | F15: College youth and faculty | G15: 768
B16: E-Waste Awareness & Collection Campaign - Dang | C16: Dang | D16: 46036 | E16: Market Take-Back Campaign | F16: Retailers and consumers | G16: 250
B17: E-Waste Awareness & Collection Campaign - Devbhoomi Dwarka | C17: Devbhoomi Dwarka | D17: 46068 | E17: School Collection Drive | F17: Students and teachers | G17: 339
... B39: E-Waste Awareness & Collection Campaign - Vav-Tharad | C39: Vav-Tharad | D39: 46188 | E39: College E-Waste Drive | F39: College youth and faculty | G39: 527
B41: Total Programs Conducted | C41: =COUNTA(B6:B39) -> 34
B42: Collection Drives (School+RWA) | C42: =COUNTIF(E6:E39,"*Drive*") -> 17
B43: Total Participants Reached | C43: =SUM(G6:G39) -> 29949
